RowRemoved,Score
1,0.97977528089887644
2,0.97977528089887644
3,0.97977528089887644
